station_number,latitude,longitude,station_name
1023,51.529163,-0.10997,"River Street , Clerkenwell"
1018,51.499606,-0.197574,"Phillimore Gardens, Kensington"
1012,51.521283,-0.084605,"Christopher Street, Liverpool Street"
1013,51.530059,-0.120973,"St. Chad's Street, King's Cross"
3420,51.49313,-0.156876,"Sedding Street, Sloane Square"
3424,51.518117,-0.144228,"Broadcasting House, Marylebone"
3422,51.5343,-0.168074,"Charlbert Street, St. John's Wood"
3423,51.529857,-0.183486,"Maida Vale, Maida Vale"
1015,51.507385,-0.09644,"New Globe Walk, Bankside"
1024,51.505974,-0.092754,"Park Street, Bankside"
1022,51.523951,-0.122502,"Brunswick Square, Bloomsbury"
980,51.52168,-0.130431,"Malet Street, Bloomsbury"
970,51.519914,-0.136039,"Scala Street, Fitzrovia"
1011,51.529416,-0.123944,"Argyle Street, Kings Cross"
988,51.517727,-0.127854,"Great Russell Street, Bloomsbury"
1010,51.526357,-0.125979,"Cartwright Gardens , Bloomsbury"
1008,51.521661,-0.109006,"Hatton Wall, Holborn"
1007,51.51477,-0.122219,"Drury Lane, Covent Garden"
1009,51.52505,-0.131161,"Taviton Street, Bloomsbury"
993,51.527326,-0.136052,"Drummond Street , Euston"
3426,51.539834,-0.062806,"Lansdowne Drive, Hackney Central"
3425,51.522264,-0.114079,"Northington Street , Holborn"
3421,51.519435,-0.119123,"Red Lion Square, Holborn"
981,51.51908,-0.124678,"British Museum, Bloomsbury"
1004,51.528833,-0.13225,"Doric Way , Somers Town"
1019,51.52728,-0.118295,"Ampton Street , Clerkenwell"
1025,51.523518,-0.143613,"Bolsover Street, Fitzrovia"
1016,51.513735,-0.193487,"Hereford Road, Bayswater"
1029,51.529154,-0.093421,"Windsor Terrace, Hoxton"
3427,51.529537,-0.083353,"Fanshaw Street, Hoxton"
3430,51.515231,-0.07015,"Central House, Aldgate"
3428,51.534123,-0.129386,"Pancras Road, King's Cross"
3446,51.501737,-0.18498,"De Vere Gardens, Kensington"
3444,51.491593,-0.192369,"Penywern Road, Earl's Court"
3442,51.497387,-0.197245,"Abingdon Villas, Kensington"
3445,51.526377,-0.07813,"Shoreditch High Street, Shoreditch"
1083,51.52127,-0.075578,"Commercial Street, Shoreditch"
1084,51.520955,-0.083493,"Pindar Street, Liverpool Street"
979,51.530991,-0.093903,"Wenlock Road , Hoxton"
1036,51.52026,-0.157183,"Crawford Street, Marylebone"
1034,51.510736,-0.144165,"Bruton Street, Mayfair"
1035,51.522511,-0.162298,"Boston Place, Marylebone"
1031,51.507131,-0.06691,"Nesham Street, Wapping"
1027,51.523344,-0.183846,"Warwick Avenue Station, Maida Vale"
971,51.512484,-0.099141,"Godliman Street, St. Paul's"
3437,51.507069,-0.145904,"Curzon Street, Mayfair"
1054,51.528673,-0.087459,"East Road, Hoxton"
986,51.526717,-0.104298,"Finsbury Library , Finsbury"
1026,51.522954,-0.094934,"Roscoe Street, St. Luke's"
3431,51.509992,-0.143495,"Grafton Street, Mayfair"
967,51.521747,-0.094475,"Golden Lane, Barbican"
984,51.517075,-0.086685,"Finsbury Circus, Liverpool Street"
1033,51.520583,-0.154701,"Paddington Street, Marylebone"
974,51.523346,-0.120202,"Guilford Street , Bloomsbury"
1032,51.524526,-0.079248,"New Inn Yard, Shoreditch"
1030,51.526448,-0.17219,"Lisson Grove, St. John's Wood"
1017,51.497382,-0.089446,"Great Dover Street, The Borough"
990,51.490757,-0.106323,"Cotton Garden Estate, Kennington"
989,51.53089,-0.089782,"Murray Grove , Hoxton"
1028,51.509462,-0.124749,"William IV Street, Strand"
969,51.525227,-0.135188,"Gower Place , Euston"
982,51.51795,-0.108657,"Holborn Circus, Holborn"
985,51.518825,-0.108028,"Hatton Garden, Holborn"
975,51.520596,-0.116688,"Theobald's Road , Holborn"
983,51.526236,-0.134407,"Euston Road, Euston"
1066,51.53136,-0.117069,"Calshot Street , King's Cross"
1074,51.515768,-0.099894,"Newgate Street , St. Paul's"
3432,51.52352,-0.10834,"Farringdon Lane, Clerkenwell"
1064,51.525615,-0.088532,"Old Street Station, St. Luke's"
1000,51.485917,-0.124469,"Vauxhall Cross, Vauxhall"
1060,51.532199,-0.10548,"Torrens Street, Angel"
976,51.525595,-0.144083,"Longford Street, The Regent's Park"
978,51.523418,-0.124121,"Russell Square Station, Bloomsbury"
3433,51.524868,-0.099489,"Sadlers Sports Centre, Finsbury"
3455,51.511726,-0.113855,"Arundel Street, Temple"
3448,51.500693,-0.102091,"Webber Street , Southwark"
3450,51.520253,-0.141327,"Great Titchfield Street, Fitzrovia"
3452,51.509639,-0.13151,"Panton Street, West End"
3449,51.515937,-0.111778,"Breams Buildings, Holborn"
994,51.500647,-0.0786,"Tanner Street, Bermondsey"
3434,51.489479,-0.115156,"Sancroft Street, Vauxhall"
3438,51.516468,-0.079684,"Devonshire Square, Liverpool Street"
1006,51.51863,-0.132676,"Percy Street, Bloomsbury"
3439,51.52625,-0.123509,"Tavistock Place, Bloomsbury"
1038,51.533019,-0.139174,"Harrington Square 1, Camden Town"
1076,51.493686,-0.111014,"Walnut Tree Walk, Vauxhall"
1082,51.498898,-0.10044,"Borough Road, Elephant & Castle"
2586,51.534408,-0.109025,"Cloudesley Road, Angel"
1070,51.495061,-0.085814,"Bricklayers Arms, Borough"
1065,51.520841,-0.09734,"Aldersgate Street, Barbican"
1047,51.53095,-0.078505,"Falkirk Street, Hoxton"
3447,51.497924,-0.183834,"Gloucester Road (North), Kensington"
972,51.525542,-0.138231,"Hampstead Road, Euston"
999,51.511553,-0.09294,"Queen Street 1, Bank"
1045,51.513406,-0.076793,"Jewry Street, Aldgate"
3441,51.504723,-0.192538,"Vicarage Gate, Kensington"
991,51.511594,-0.077121,"Crosswall, Tower"
1041,51.515529,-0.19024,"Westbourne Grove, Bayswater"
1042,51.514105,-0.147301,"Woodstock Street, Mayfair"
1049,51.526008,-0.096317,"Finsbury Leisure Centre, St. Luke's"
1052,51.515631,-0.132328,"Soho Square , Soho"
1055,51.533043,-0.172528,"Wellington Road, St. John's Wood"
1037,51.510017,-0.157275,"Park Lane , Hyde Park"
1061,51.515809,-0.10527,"Stonecutter Street, Holborn"
3435,51.496462,-0.183289,"Gloucester Road (Central), South Kensington"
1050,51.524517,-0.158963,"Park Road (Baker Street), The Regent's Park"
1062,51.514233,-0.073537,"Braham Street, Aldgate"
995,51.514499,-0.141423,"Little Argyll Street, West End"
998,51.49288,-0.114934,"Lollard Street, Vauxhall"
3457,51.495827,-0.135478,"Rochester Row, Westminster"
964,51.525893,-0.090847,"Bath Street, St. Luke's"
1044,51.515735,-0.09308,"The Guildhall, Guildhall"
1086,51.518913,-0.156166,"Baker Street, Marylebone"
992,51.52836,-0.104724,"St. John Street, Finsbury"
1069,51.496544,-0.150905,"Eaton Square, Belgravia"
996,51.500694,-0.094524,"Borough High Street, The Borough"
1043,51.517821,-0.096496,"Museum of London, Barbican"
1063,51.517008,-0.093885,"Wood Street, Guildhall"
1116,51.495362,-0.185296,"Emperor's Gate, South Kensington"
3451,51.511897,-0.137043,"Golden Square, Soho"
1071,51.509506,-0.075459,"Tower Gardens , Tower"
1005,51.533005,-0.136792,"Eversholt Street , Camden Town"
973,51.523648,-0.074754,"Bethnal Green Road, Shoreditch"
3436,51.501364,-0.191462,"Derry Street, Kensington"
1039,51.504904,-0.06797,"Wapping High Street, Wapping"
1053,51.52326,-0.104708,"Clerkenwell Green, Clerkenwell"
1048,51.511961,-0.097441,"Queen Victoria Street, St. Paul's"
3464,51.512276,-0.157436,"Green Street, Mayfair"
1078,51.494881,-0.117974,"Lambeth Road, Vauxhall"
1056,51.520962,-0.085634,"Finsbury Square , Moorgate"
1003,51.515308,-0.147203,"Chapel Place, Marylebone"
1001,51.493724,-0.198286,"West Cromwell Road, Earl's Court"
1114,51.496886,-0.161203,"Pont Street, Knightsbridge"
1093,51.48894,-0.111435,"Kennington Cross, Kennington"
1115,51.500743,-0.202759,"Ilchester Place, Kensington"
1046,51.488365,-0.129361,"Vauxhall Bridge , Pimlico"
3456,51.514943,-0.116146,"Portugal Street, Holborn"
965,51.492111,-0.138364,"Tachbrook Street, Victoria"
1073,51.484788,-0.110683,"Kennington Road Post Office, Oval"
1002,51.497056,-0.168917,"Holy Trinity Brompton, Knightsbridge"
1120,51.512136,-0.201554,"Chepstow Villas, Notting Hill"
1118,51.49217,-0.101536,"Hampton Street, Walworth"
1096,51.511933,-0.174411,"Bayswater Road, Hyde Park"
1072,51.503791,-0.112824,"Waterloo Station 3, Waterloo"
1121,51.495866,-0.191933,"Lexham Gardens, Kensington"
966,51.494436,-0.092921,"New Kent Road, The Borough"
1094,51.500397,-0.193068,"Wright's Lane, Kensington"
1113,51.490853,-0.19617,"Trebovir Road, Earl's Court"
3458,51.506633,-0.131773,"Waterloo Place, St. James's"
1123,51.517606,-0.121328,"Southampton Place, Holborn"
3461,51.493184,-0.167894,"Sloane Avenue, Knightsbridge"
1178,51.515607,-0.183118,"Cleveland Gardens, Bayswater"
2585,51.517932,-0.183716,"Orsett Terrace, Bayswater"
1177,51.501855,-0.159237,"Seville Street, Knightsbridge"
3465,51.49395,-0.147624,"Eccleston Place, Victoria"
3463,51.500401,-0.195455,"Argyll Road, Kensington"
3477,51.514746,-0.165164,"Porchester Place, Paddington"
1057,51.527842,-0.108068,"Hardwick Street, Clerkenwell"
3459,51.491615,-0.186753,"Collingham Gardens, Earl's Court"
1124,51.491211,-0.173715,"Sumner Place, South Kensington"
1176,51.50486,-0.113001,"Waterloo Road, South Bank"
997,51.521668,-0.079608,"Worship Street, Shoreditch"
1173,51.517919,-0.188098,"Gloucester Terrace, Bayswater"
1122,51.49616,-0.140947,"Ashley Place, Victoria"
3460,51.489856,-0.141923,"Warwick Square, Pimlico"
1126,51.512911,-0.153645,"North Audley Street, Mayfair"
3473,51.499412,-0.152317,"Belgrave Square, Belgravia"
1166,51.522029,-0.165842,"Bell Street , Marylebone"
1165,51.482362,-0.136123,"Riverlight North, Nine Elms"
1164,51.520715,-0.145211,"Portland Place, Marylebone"
1174,51.488057,-0.140741,"Alderney Street, Pimlico"
1167,51.517335,-0.17581,"South Wharf Road, Paddington"
1172,51.492479,-0.178433,"Queen's Gate (South), South Kensington"
1112,51.516517,-0.164393,"Nutford Place, Marylebone"
1104,51.531666,-0.109914,"Claremont Square, Angel"
1106,51.489975,-0.132845,"Rampayne Street, Pimlico"
1075,51.503117,-0.15352,"Hyde Park Corner, Hyde Park"
1163,51.512515,-0.133201,"Wardour Street, Soho"
963,51.505817,-0.100186,"Bankside Mix, Bankside"
960,51.504627,-0.091773,"Hop Exchange, The Borough"
959,51.507244,-0.106237,"Milroy Walk, South Bank"
961,51.503688,-0.098497,"Union Street, The Borough"
962,51.505569,-0.111606,"Stamford Street, South Bank"
1080,51.510484,-0.082989,"Great Tower Street, Monument"
1105,51.514924,-0.066078,"LMU Commercial Road, Whitechapel"
1162,51.522596,-0.161113,"Dorset Square, Marylebone"
1102,51.512363,-0.069542,"Leman Street, Aldgate"
1040,51.518218,-0.100791,"West Smithfield Rotunda, Farringdon"
3468,51.526599,-0.112432,"Margery Street, Clerkenwell"
1171,51.518154,-0.062697,"New Road 1 , Whitechapel"
1169,51.501352,-0.153194,"Grosvenor Crescent, Belgravia"
1175,51.525051,-0.166304,"Mallory Street, Marylebone"
3454,51.493583,-0.165101,"Denyer Street, Knightsbridge"
3476,51.516814,-0.151926,"Hinde Street, Marylebone"
3469,51.494645,-0.158105,"Cadogan Place, Knightsbridge"
3487,51.506584,-0.199004,"Campden Hill Road, Notting Hill"
1109,51.50274,-0.149569,"Wellington Arch, Hyde Park"
1079,51.526838,-0.130504,"Endsleigh Gardens, Euston"
1092,51.519069,-0.088285,"Moorfields, Moorgate"
3479,51.490945,-0.18119,"Old Brompton Road, South Kensington"
2587,51.516154,-0.082422,"Wormwood Street, Liverpool Street"
3486,51.489716,-0.170194,"St. Luke's Church, Chelsea"
1183,51.490163,-0.190393,"Bramham Gardens, Earl's Court"
1179,51.490664,-0.166485,"Chelsea Green, Chelsea"
1170,51.494816,-0.130458,"Horseferry Road, Westminster"
1101,51.502757,-0.155349,"Knightsbridge, Hyde Park"
3481,51.491484,-0.09022,"Rodney Road , Walworth"
1150,51.51031,-0.187402,"Queensway, Kensington Gardens"
1182,51.509353,-0.196422,"Notting Hill Gate Station, Notting Hill"
3488,51.508446,-0.131961,"Charles II Street, West End"
3470,51.528915,-0.11548,"Great Percy Street, Clerkenwell"
1067,51.507424,-0.134621,"St. James's Square, St. James's"
1151,51.506543,-0.123179,"Whitehall Place, Strand"
1144,51.506692,-0.103137,"Poured Lines, Bankside"
1089,51.493967,-0.178732,"Queen's Gate (Central), South Kensington"
1139,51.51501,-0.112753,"Carey Street, Holborn"
1153,51.50777,-0.130699,"Pall Mall East, West End"
1081,51.534504,-0.106992,"Liverpool Road (N1 Centre), Angel"
1154,51.495718,-0.110889,"Kennington Road, Vauxhall"
3483,51.51838,-0.073438,"Fashion Street, Whitechapel"
3467,51.509786,-0.068161,"Dock Street, Wapping"
1099,51.523353,-0.175116,"Frampton Street, Paddington"
1090,51.524438,-0.138019,"Warren Street Station, Euston"
3472,51.505459,-0.105692,"Colombo Street, Southwark"
3482,51.522008,-0.151359,"Beaumont Street, Marylebone"
1103,51.490962,-0.139625,"Gloucester Street, Pimlico"
1145,51.51615,-0.128417,"Bucknall Street, Covent Garden"
1140,51.485357,-0.142207,"Grosvenor Road, Pimlico"
1159,51.522853,-0.099994,"Berry Street, Clerkenwell"
1091,51.530529,-0.167515,"St. John's Wood Church, The Regent's Park"
1137,51.498597,-0.096191,"Harper Road, The Borough"
3440,51.489932,-0.162727,"Royal Avenue 1, Chelsea"
1161,51.518908,-0.079249,"Brushfield Street, Liverpool Street"
1051,51.534042,-0.086379,"Shoreditch Park, Hoxton"
3471,51.530515,-0.106408,"Chadwell Street, Angel"
1147,51.525575,-0.179592,"Clifton Road, Maida Vale"
3484,51.51362,-0.116764,"Houghton Street, Strand"
1194,51.522481,-0.154907,"Westminster University, Marylebone"
1193,51.501432,-0.178656,"Kensington Gore, Knightsbridge"
1180,51.490959,-0.153233,"Bourne Street, Belgravia"
3489,51.513684,-0.13558,"Broadwick Street, Soho"
3491,51.513489,-0.191351,"Princes Square, Bayswater"
1095,51.498744,-0.103132,"LSBU (Borough Road), Elephant & Castle"
1184,51.514225,-0.08066,"St. Mary Axe, Aldgate"
1146,51.526443,-0.109256,"Tysoe Street, Clerkenwell"
3490,51.515953,-0.169249,"Southwick Street, Paddington"
1204,51.501026,-0.180246,"Queen's Gate (North), Kensington"
1155,51.49206,-0.132224,"Regency Street, Westminster"
1087,51.493204,-0.144132,"Belgrave Road, Victoria"
1209,51.500823,-0.08974,"Empire Square, The Borough"
1136,51.535836,-0.156285,"London Zoo,  The Regent's Park"
1133,51.501444,-0.110699,"Baylis Road, Waterloo"
1186,51.506133,-0.114686,"Belvedere Road 1, South Bank"
1134,51.496712,-0.205284,"Warwick Road, Olympia"
1191,51.520044,-0.092176,"Barbican Centre, Barbican"
1098,51.509301,-0.084985,"Lower Thames Street, Monument"
1143,51.503157,-0.191496,"Kensington Church Street, Kensington"
1142,51.503493,-0.07962,"Tooley Street, Bermondsey"
1108,51.518623,-0.176603,"North Wharf Road, Paddington"
3462,51.490083,-0.162418,"Royal Avenue 2, Chelsea"
3480,51.495805,-0.127575,"Smith Square, Westminster"
1077,51.518675,-0.06111,"Royal London Hospital, Whitechapel"
1141,51.514409,-0.118478,"Kingsway, Covent Garden"
1117,51.49914,-0.112031,"Lambeth North Station, Waterloo"
1187,51.527294,-0.174653,"St. John's Wood Road, St. John's Wood"
1156,51.523673,-0.128377,"Bedford Way, Bloomsbury"
1138,51.492369,-0.147478,"Elizabeth Bridge, Victoria"
3493,51.50923,-0.151289,"South Audley Street, Mayfair"
3496,51.518268,-0.171103,"St Mary's Hospital, Paddington"
1135,51.484839,-0.138089,"Claverton Street, Pimlico"
1206,51.498884,-0.165471,"Montpelier Street, Knightsbridge"
1214,51.498157,-0.209494,"Kensington Olympia Station, Olympia"
1195,51.488226,-0.135635,"St. George's Square, Pimlico"
1216,51.500296,-0.092762,"Swan Street, The Borough"
200069,51.493631,-0.190603,"Knaresborough Place, Earl's Court"
3498,51.496127,-0.106,"Geraldine Street, Elephant & Castle"
1213,51.502279,-0.074189,"Curlew Street, Shad Thames"
1196,51.493985,-0.136928,"Vincent Square, Westminster"
1217,51.505014,-0.17306,"Serpentine Car Park, Hyde Park"
3492,51.466907,-0.216573,"Putney Pier, Wandsworth"
1132,51.502953,-0.158456,"Albert Gate, Hyde Park"
3497,51.518162,-0.135025,"Rathbone Street, Fitzrovia"
1157,51.509908,-0.187842,"Black Lion Gate, Kensington Gardens"
1189,51.499075,-0.085666,"Long Lane , Bermondsey"
1192,51.509631,-0.119047,"Embankment (Savoy), Strand"
1205,51.490867,-0.116911,"Black Prince Road, Vauxhall"
3494,51.519181,-0.140485,"Foley Street, Fitzrovia"
1130,51.530889,-0.17677,"Grove End Road, St. John's Wood"
3495,51.517344,-0.138072,"Wells Street, Fitzrovia"
3485,51.500889,-0.083159,"Tyers Gate, Bermondsey"
1199,51.525367,-0.153463,"The Tennis Courts, The Regent's Park"
968,51.497998,-0.14296,"Warwick Row, Westminster"
1208,51.496791,-0.093913,"Dickens Square, Borough"
1197,51.510048,-0.138846,"Sackville Street, Mayfair"
3500,51.527025,-0.088542,"Baldwin Street, St. Luke's"
1148,51.493573,-0.139956,"Queen Mother Sports Centre, Victoria"
2637,51.497855,-0.081608,"Bermondsey Street, Bermondsey"
3502,51.526293,-0.073955,"Palissy Street, Shoreditch"
3501,51.523196,-0.083067,"Clifton Street, Shoreditch"
1200,51.49652,-0.101384,"Ontario Street, Elephant & Castle"
1131,51.532661,-0.099981,"Graham Street, Angel"
1128,51.522168,-0.192814,"Westbourne Green, Westbourne"
2641,51.53114,-0.086016,"New North Road 2, Hoxton"
2636,51.535892,-0.160854,"Prince Albert Road, The Regent's Park"
1203,51.516417,-0.179135,"Eastbourne Mews, Paddington"
1211,51.520858,-0.089887,"Bunhill Row, Moorgate"
1210,51.493343,-0.194757,"Nevern Place, Earl's Court"
2633,51.508605,-0.193764,"Palace Gardens Terrace, Notting Hill"
2635,51.542891,-0.132253,"Agar Grove, Camden Town"
1207,51.511968,-0.120718,"Tavistock Street, Covent Garden"
1212,51.504841,-0.115153,"Concert Hall Approach, South Bank"
2589,51.511084,-0.197524,"Pembridge Villas, Notting Hill"
1202,51.511756,-0.119643,"Wellington Street , Strand"
1201,51.514441,-0.087587,"Bank of England Museum, Bank"
1160,51.508103,-0.126021,"Craven Street, Strand"
1222,51.528246,-0.101026,"Goswell Road (City Uni), Finsbury"
1218,51.488023,-0.166878,"Flood Street, Chelsea"
10627,51.51217,-0.150481,"Grosvenor Square, Mayfair"
1221,51.51196,-0.142783,"St. George Street, Mayfair"
1231,51.501715,-0.179854,"Queen's Gate, Kensington Gardens"
1226,51.529423,-0.097122,"Macclesfield Rd, St Lukes"
1224,51.486965,-0.116625,"Vauxhall Street, Vauxhall"
10623,51.494591,-0.134234,"Greycoat Street , Westminster"
1097,51.506767,-0.123702,"Northumberland Avenue, Strand"
2694,51.461388,-0.139221,"Clapham Common Station, Clapham Common"
2685,51.494412,-0.173881,"South Kensington Station, South Kensington"
2691,51.520994,-0.139016,"Howland Street, Fitzrovia"
1229,51.516398,-0.124257,"High Holborn , Covent Garden"
2662,51.497829,-0.13544,"Butler Place, Westminster"
2666,51.496753,-0.138733,"Howick Place, Westminster"
2692,51.503919,-0.113426,"Waterloo Station 2, Waterloo"
2686,51.536264,-0.133952,"Royal College Street, Camden Town"
2665,51.529121,-0.171185,"Lord's, St. John's Wood"
3507,51.519572,-0.13214,"Store Street, Bloomsbury"
2690,51.530344,-0.100168,"City Road, Angel"
1230,51.510919,-0.151126,"Millennium Hotel, Mayfair"
2680,51.517372,-0.164207,"Harrowby Street, Marylebone"
2681,51.50058,-0.158837,"Lowndes Square, Knightsbridge"
2670,51.520205,-0.174593,"Paddington Green, Paddington"
2639,51.453118,-0.104955,"Brockwell Lido, Brixton"
2649,51.515208,-0.117863,"Sardinia Street, Holborn"
3499,51.499806,-0.176415,"Prince Consort Road, Knightsbridge"
2696,51.504027,-0.113864,"Waterloo Station 1, Waterloo"
10632,51.501945,-0.194392,"Kensington Town Hall, Kensington"
2683,51.491884,-0.125674,"Millbank Tower, Pimlico"
2648,51.505354,-0.113656,"Waterloo Bridge, South Bank"
2677,51.495592,-0.179077,"Natural History Museum, South Kensington"
2682,51.514311,-0.200838,"Turquoise Island, Notting Hill"
3506,51.506864,-0.150666,"Stanhope Gate, Mayfair"
2669,51.51953,-0.135777,"Charlotte Street, Fitzrovia"
2678,51.509351,-0.147449,"Farm Street, Mayfair"
2660,51.513103,-0.131213,"Frith Street, Soho"
3505,51.496481,-0.192404,"Marloes Road, Kensington"
3504,51.513527,-0.13011,"Moor Street, Soho"
2703,51.493699,-0.121394,"Fire Brigade Pier, Vauxhall"
1228,51.510701,-0.121723,"Southampton Street, Strand"
10621,51.51013,-0.155757,"Upper Grosvenor Street, Mayfair"
1223,51.521776,-0.068856,"Buxton Street 1, Shoreditch"
2688,51.510662,-0.142345,"Clifford Street, Mayfair"
1220,51.499428,-0.179702,"Imperial College, Knightsbridge"
2699,51.517334,-0.103604,"Snow Hill, Farringdon"
2698,51.524826,-0.176268,"Aberdeen Place, St. John's Wood"
2695,51.492462,-0.159919,"Cadogan Gardens, Chelsea"
2693,51.51809,-0.163609,"Shouldham Street, Marylebone"
1227,51.51348,-0.17977,"Devonshire Terrace, Bayswater"
10631,51.502319,-0.200742,"Holland Park, Kensington"
2687,51.522617,-0.071653,"Brick Lane Market, Shoreditch"
1225,51.517703,-0.154106,"George Street, Marylebone"
2701,51.528187,-0.075375,"Columbia Road, Shoreditch"
10625,51.522892,-0.171681,"Penfold Street, Marylebone"
10630,51.516892,-0.158249,"George Place Mews, Marylebone"
1110,51.502042,-0.1844,"Palace Gate, Kensington Gardens"
1107,51.494185,-0.18267,"Gloucester Road Station, South Kensington"
1129,51.520009,-0.083935,"Sun Street, Liverpool Street"
10624,51.493146,-0.099828,"Strata, Elephant & Castle"
1058,51.510212,0.004979,"Orchard Place, Blackwall Tunnel"
10629,51.499169,-0.055846,"Rotherhithe Roundabout, Rotherhithe"
10628,51.488105,-0.110121,"Cleaver Street, Kennington"
22160,51.485821,-0.149004,"Chelsea Bridge, Pimlico"
22164,51.494561,-0.153933,"Eaton Square (South), Belgravia"
22159,51.490491,-0.149186,"Ebury Bridge, Pimlico"
22161,51.493072,-0.129925,"Vincent Street, Pimlico"
22180,51.51397,-0.09294,"Cheapside, Bank"
22179,51.499917,-0.174554,"Exhibition Road, Knightsbridge"
22182,51.48902,-0.17524,"South Parade, Chelsea"
22183,51.534474,-0.122203,"Crinan Street, King's Cross"
22158,51.496468,-0.173796,"Exhibition Road Museums 1, South Kensington"
22169,51.524564,-0.116279,"Wren Street, Holborn"
22170,51.488852,-0.105593,"Kennington Station, Kennington"
22171,51.51824,-0.11655,"Red Lion Street, Holborn"
200056,51.488124,-0.120903,"Vauxhall Walk, Vauxhall"
200053,51.5338,-0.118677,"Killick Street, King's Cross"
200032,51.483145,-0.113134,"Kennington Oval, Oval"
200039,51.495656,-0.114605,"Sail Street, Vauxhall"
200035,51.510101,-0.211358,"Walmer Road, Avondale"
200033,51.515256,-0.058641,"Philpot Street, Whitechapel"
200047,51.52568,-0.055312,"Bethnal Green Garden, Bethnal Green"
200003,51.52388,-0.065076,"Cheshire Street, Bethnal Green"
200042,51.528936,-0.055894,"York Hall, Bethnal Green"
200054,51.493381,-0.007542,"Jubilee Crescent, Cubitt Town"
22165,51.50623,-0.02296,"Fisherman's Walk West, Canary Wharf"
200020,51.511088,-0.057159,"Shadwell Station, Shadwell"
200002,51.515975,-0.053177,"Jubilee Street, Stepney"
200021,51.504719,-0.063531,"Hermitage Court, Wapping"
200049,51.505697,-0.070542,"St. Katharine's Way, Tower"
200045,51.508447,-0.055167,"Garnet Street, Shadwell"
200046,51.487679,-0.021582,"Napier Avenue, Millwall"
200031,51.49447,-0.014409,"East Ferry Road, Cubitt Town"
200118,51.537706,-0.144801,"Albert Street, Camden Town"
200016,51.542138,-0.145393,"Castlehaven Road, Camden Town"
200034,51.504749,-0.057544,"Wapping Lane, Wapping"
200014,51.535179,-0.03338,"Gunmakers Lane, Old Ford"
200013,51.516,-0.038775,"Aston Street, Stepney"
200105,51.541603,-0.138853,"Bonny Street, Camden Town"
200093,51.534776,-0.071881,"Thurtle Road, Haggerston"
200082,51.51417,-0.052099,"St. Mary & St. Michael Church, Stepney"
200152,51.53558,-0.08249,"Pitfield Street North,Hoxton"
200158,51.534464,-0.076341,"Whiston Road, Haggerston"
200168,51.523538,-0.030556,"Southern Grove, Bow"
200150,51.521564,-0.022694,"Cantrell Road, Bow"
22178,51.513757,-0.020467,"Lindfield Street, Poplar"
200174,51.530535,-0.025492,"Mostyn Grove, Bow"
200006,51.533283,-0.028155,"Hewison Street, Old Ford"
200019,51.529452,-0.027616,"Malmesbury Road, Bow"
22167,51.496137,-0.019355,"Millharbour, Millwall"
200155,51.541515,-0.038557,"Gascoyne Road, Victoria Park"
200004,51.499041,-0.020157,"Lightermans Road, Millwall"
200009,51.489096,-0.009205,"Stebondale Street, Cubitt Town"
200018,51.49109,-0.018716,"Spindrift Avenue, Millwall"
200012,51.521889,-0.04667,"Stepney Green Station, Stepney"
200156,51.527152,-0.058005,"Pott Street, Bethnal Green"
200115,51.512871,-0.038986,"Flamborough Street, Limehouse"
200022,51.487129,-0.009001,"Saunders Ness Road, Cubitt Town"
200052,51.495947,-0.173689,"Exhibition Road Museums 2, South Kensington"
22166,51.51328,-0.047784,"Albert Gardens, Stepney"
22172,51.528828,-0.013258,"Bromley High Street, Bow"
22173,51.531127,-0.048017,"Old Ford Road, Bethnal Green"
22174,51.525645,-0.069543,"Granby Street, Shoreditch"
22175,51.511811,-0.025626,"Canton Street, Poplar"
22176,51.506946,-0.058681,"Reardon Street, Wapping"
22177,51.513074,-0.064094,"Christian Street, Whitechapel"
200090,51.508622,-0.065006,"Pennington Street, Wapping"
200249,51.522507,-0.041378,"Queen Mary's, Mile End"
200233,51.50196,-0.016251,"South Quay East, Canary Wharf"
200252,51.528169,-0.018703,"Bow Church Station, Bow"
200255,51.52512,-0.015578,"Devons Road, Bow"
200242,51.526578,-0.027581,"Merchant Street, Bow"
200251,51.527058,-0.025296,"Bow Road Station, Bow"
200011,51.519265,-0.021345,"Furze Green, Bow"
200148,51.520019,-0.05438,"Ansell House, Stepney"
200073,51.522561,-0.054883,"Cephas Street, Bethnal Green"
200241,51.53341,-0.049591,"Bonner Gate, Victoria Park"
200250,51.520893,-0.051394,"Cleveland Way, Stepney"
200243,51.496454,-0.009506,"St. John's Park, Cubitt Town"
200038,51.520398,-0.026768,"Ackroyd Drive, Bow"
200036,51.517475,-0.075855,"Bell Lane, Liverpool Street"
200131,51.528692,-0.059091,"Clarkson Street, Bethnal Green"
200157,51.519362,-0.074431,"Fournier Street, Whitechapel"
200253,51.517842,-0.090075,"Fore Street Avenue, Guildhall"
200238,51.509303,-0.025996,"Westferry DLR, Limehouse"
200256,51.511066,-0.053558,"Sutton Street, Shadwell"
200162,51.514222,-0.055656,"Watney Market, Stepney"
200008,51.516204,-0.155525,"Portman Square, Marylebone"
200080,51.500088,-0.211316,"Russell Gardens, Olympia"
200089,51.5112,-0.014438,"Chrisp Street Market, Poplar"
200027,51.532513,-0.033085,"Ford Road, Old Ford"
200041,51.528224,-0.037471,"Antill Road, Mile End"
200254,51.518811,-0.011662,"Teviot Street, Poplar"
200234,51.526041,-0.047218,"Bancroft Road, Bethnal Green"
200030,51.534137,-0.037366,"Driffield Road, Old Ford"
200161,51.525941,-0.036017,"Clinton Road, Mile End"
200160,51.51549,-0.013475,"Langdon Park, Poplar"
200017,51.511654,-0.179668,"Lancaster Gate , Bayswater"
200153,51.496927,-0.2135,"Blythe Road, Olympia"
200143,51.503143,-0.008428,"Lancaster Drive, Blackwall"
200154,51.503802,-0.215808,"Hansard Mews, Holland Park"
200088,51.507326,-0.145827,"Clarges Street, Mayfair"
200010,51.486892,-0.170983,"Manresa Road, Chelsea"
200146,51.508896,-0.012413,"Newby Place, Poplar"
200167,51.530326,-0.042744,"Twig Folly Bridge, Mile End"
200163,51.5034,-0.020242,"Jubilee Plaza, Canary Wharf"
200165,51.528222,-0.069743,"Wellington Row, Bethnal Green"
200159,51.531864,-0.066035,"Goldsmith's Row, Haggerston"
200024,51.53385,-0.06992,"Queensbridge Road, Haggerston"
200239,51.51793,-0.067937,"Old Montague Street, Whitechapel"
200050,51.508981,-0.00699,"Naval Row, Blackwall"
200151,51.531091,-0.075901,"Hoxton Station, Hoxton"
200096,51.506613,-0.142844,"Green Park Station, Mayfair"
200147,51.514115,-0.033828,"Salmon Lane, Limehouse"
200065,51.509591,-0.204666,"Lansdowne Walk, Ladbroke Grove"
200051,51.526153,-0.102208,"Percival Street, Finsbury"
200070,51.539957,-0.145246,"Arlington Road, Camden Town"
200044,51.517428,-0.107987,"New Fetter Lane, Holborn"
200127,51.509474,-0.002275,"East India DLR, Blackwall"
200076,51.498386,-0.107913,"Westminster Bridge Road, Elephant & Castle"
200132,51.49605,-0.104193,"Gaywood  Street, Elephant & Castle"
200102,51.521564,-0.039264,"Harford Street, Mile End"
200066,51.505772,-0.01646,"Import Dock, Canary Wharf"
200149,51.511542,-0.056667,"Watney Street, Shadwell"
200064,51.535678,-0.062546,"Regent's Row , Haggerston"
200078,51.513548,-0.005659,"Aberfeldy Street, Poplar"
200138,51.502661,-0.021596,"Heron Quays DLR, Canary Wharf"
200203,51.51601,-0.0985,"King Edward Street, St Pauls"
200048,51.493978,-0.127554,"Page Street, Westminster"
200111,51.501391,-0.205991,"Abbotsbury Road, Holland Park"
200037,51.518369,-0.043371,"Rectory Square, Stepney"
200074,51.51742,-0.123189,"Bury Place, Holborn"
200232,51.499286,-0.009152,"Preston's Road, Cubitt Town"
200068,51.509943,-0.117619,"Somerset House, Strand"
200135,51.521905,-0.063386,"Selby Street, Whitechapel"
200110,51.51616,-0.18697,"Bishop's Bridge Road West, Bayswater"
200248,51.53213,-0.08299,"Pitfield Street Central, Hoxton"
200099,51.503083,-0.017676,"Upper Bank Street, Canary Wharf"
200061,51.506256,-0.218337,"Westfield Southern Terrace ,Shepherd's Bush"
200026,51.539099,-0.141728,"Greenland Road, Camden Town"
200001,51.485587,-0.18119,"Limerston Street, West Chelsea"
200246,51.53356,-0.09315,"Eagle Wharf Road, Hoxton"
200109,51.497304,-0.022793,"Alpha Grove, Millwall"
200247,51.528869,-0.047548,"Globe Town Market, Bethnal Green"
200244,51.527607,-0.057133,"Hollybush Gardens, Bethnal Green"
200128,51.511246,-0.093051,"Queen Street 2, Bank"
200084,51.486929,-0.102996,"Doddington Grove, Kennington"
200005,51.519167,-0.147983,"New Cavendish Street, Marylebone"
200231,51.49764,-0.125972,"Abingdon Green, Westminster"
200086,51.51244,-0.19096,"Ilchester Gardens, Bayswater"
200092,51.490645,-0.014582,"Mudchute DLR, Cubitt Town"
200101,51.50964,-0.08497,"Monument Street, Monument"
200071,51.52959,-0.0801,"Hoxton Street, Hoxton"
200060,51.487196,-0.179369,"Drayton Gardens, West Chelsea"
200236,51.53256,-0.16862,"Greenberry Street, St.John's Wood"
200227,51.506093,-0.224223,"Westfield Library Corner, Shepherd's Bush"
200108,51.5171,-0.18377,"Bishop's Bridge Road East, Bayswater"
200058,51.531066,-0.11934,"Northdown Street, King's Cross"
200226,51.513875,-0.117774,"Kingsway Southbound, Strand"
200142,51.493267,-0.21985,"Hammersmith Road, Hammersmith"
200237,51.472817,-0.199783,"Parson's Green , Parson's Green"
200229,51.473471,-0.20782,"Fulham Park Road, Fulham"
200166,51.494499,-0.228188,"Southerton Road, Hammersmith"
200235,51.485743,-0.223616,"Manbre Road, Hammersmith"
200133,51.481747,-0.124642,"South Lambeth Road, Vauxhall"
200211,51.472993,-0.133972,"Union Grove, Wandsworth Road"
200137,51.477839,-0.116493,"Caldwell Street, Stockwell"
200195,51.538792,-0.138535,"St Martins Close, Camden Town"
200198,51.520331,-0.163667,"Seymour Place, Marylebone"
200218,51.504199,-0.210941,"Addison Road, Holland Park"
200125,51.468814,-0.210279,"Putney Bridge Station, Fulham"
200224,51.491093,-0.216493,"Colet Gardens, Hammersmith"
200208,51.465123,-0.157788,"Sugden Road, Clapham"
200222,51.482567,-0.172078,"Danvers Street, West Chelsea"
200067,51.506465,-0.208486,"Princedale Road , Holland Park"
200175,51.469259,-0.141812,"Wandsworth Rd, Isley Court, Wandsworth Road"
200214,51.504038,-0.2174,"Woodstock Grove, Shepherd's Bush"
200029,51.476885,-0.215895,"Finlay Street, Fulham"
200098,51.481021,-0.209973,"Aintree Street, Fulham"
200028,51.471079,-0.207842,"Elysium Place, Fulham"
300003,51.476259,-0.193254,"Eel Brook Common, Walham Green"
300012,51.473763,-0.19701,"Irene Road, Parsons Green"
300010,51.47518,-0.16716,"Surrey Lane, Battersea"
200091,51.460864,-0.187427,"Wandsworth Town Station, Wandsworth"
200172,51.507481,-0.205535,"Lansdowne Road, Ladbroke Grove"
200186,51.46193,-0.180791,"Nantes Close, Wandsworth"
200173,51.472918,-0.132102,"Courland Grove, Wandsworth Road"
200190,51.477619,-0.149551,"Queen's Circus, Battersea Park"
300008,51.484386,-0.204815,"Normand Park, West Kensington"
200007,51.46879,-0.15823,"Holden Street, Battersea"
200062,51.468819,-0.184318,"William Morris Way, Sands End"
200187,51.459953,-0.190184,"Morie Street, Wandsworth"
200194,51.470732,-0.126994,"Clarence Walk, Stockwell"
200183,51.479501,-0.14177,"Battersea Park Road, Nine Elms"
200176,51.470538,-0.163041,"Sheepcote Lane, Battersea"
200116,51.489591,-0.209378,"Vereker Road, West Kensington"
300002,51.494347,-0.215804,"Brook Green South, Brook Green"
200215,51.486062,-0.214428,"Greyhound Road, Hammersmith"
200180,51.467064,-0.193502,"South Park, Sands End"
300014,51.466633,-0.169821,"Falcon Road, Clapham Junction"
200179,51.472865,-0.148059,"Silverthorne Road, Battersea"
300025,51.498241,-0.117495,"Archbishop's Park, Waterloo"
200192,51.469161,-0.174485,"Fawcett Close, Battersea"
300026,51.519042,-0.204764,"All Saints' Road, Portobello"
200182,51.483732,-0.223852,"Rainville Road, Hammersmith"
200200,51.501732,-0.100292,"Great Suffolk Street, The Borough"
200178,51.498865,-0.137424,"Buckingham Gate, Westminster"
200181,51.500353,-0.217515,"Richmond Way, Shepherd's Bush"
200171,51.46904,-0.196274,"Peterborough Road, Sands End"
300009,51.481805,-0.180274,"World's End Place, West Chelsea"
300034,51.51687,-0.213872,"St. Mark's Road, North Kensington"
300030,51.480898,-0.183853,"Thorndike Close, West Chelsea"
300022,51.511486,-0.21819,"Evesham Street, Avondale"
200196,51.470847,-0.170703,"Simpson Street, Clapham Junction"
200223,51.482678,-0.117661,"Ashmole Estate, Oval"
200221,51.482944,-0.219346,"Crabtree Lane, Fulham"
200040,51.468418,-0.199135,"Broomhouse Lane, Parsons Green"
200220,51.49968,-0.221791,"Blythe Road West, Shepherd's Bush"
300005,51.477292,-0.164786,"Ethelburga Estate, Battersea Park"
200212,51.511934,-0.103078,"Blackfriars Station, St. Paul's"
300020,51.49087,-0.206029,"West Kensington Station, West Kensington"
300023,51.51632,-0.202608,"All Saints Church, Portobello"
200189,51.484984,-0.167919,"Phene Street, Chelsea"
200124,51.51323,-0.211593,"Clarendon Road, Avondale"
300013,51.474376,-0.155442,"Austin Road, Battersea Park"
200113,51.461083,-0.191722,"Smugglers Way, Wandsworth"
300004,51.492668,-0.07235,"Harris Academy, Bermondsey"
200209,51.501594,-0.222293,"Shepherd's Bush Road North, Shepherd's Bush"
300037,51.494223,-0.236769,"Ravenscourt Park Station, Hammersmith"
300036,51.476149,-0.123258,"Teversham Lane, Stockwell"
200169,51.467185,-0.152248,"Ashley Crescent, Battersea"
300052,51.475089,-0.201968,"Parsons Green Station, Parsons Green"
200206,51.502698,-0.116747,"Chicheley Street, South Bank"
300051,51.46517,-0.180389,"Hibbert Street, Battersea"
300035,51.535467,-0.116191,"Carnegie Street, King's Cross"
200126,51.463489,-0.182126,"Usk Road, Clapham Junction"
200207,51.47787,-0.126874,"Hartington Road, Stockwell"
200023,51.468669,-0.146544,"Heath Road, Battersea"
200170,51.462312,-0.211468,"Esmond Street, Putney"
200114,51.474535,-0.17021,"Orbel Street, Battersea"
200210,51.477684,-0.170329,"Westbridge Road, Battersea"
200043,51.473036,-0.214749,"Bishop's Avenue, Fulham"
200059,51.488108,-0.226606,"Crisp Road, Hammersmith"
200119,51.465064,-0.16375,"Dorothy Road, Clapham Junction"
200188,51.454752,-0.195197,"Neville Gill Close, Wandsworth"
200219,51.46067,-0.198735,"Osiers Road, Wandsworth"
200097,51.488144,-0.222456,"Beryl Road, Hammersmith"
200216,51.4954,-0.061698,"Clements Road, Bermondsey"
200204,51.460951,-0.200667,"Northfields, Wandsworth"
200106,51.459225,-0.180884,"Spanish Road, Clapham Junction"
200199,51.470475,-0.15213,"Stanley Grove, Battersea"
200184,51.479463,-0.195777,"Erin Close, Walham Green"
200112,51.542118,-0.028941,"Cadogan Close, Victoria Park"
300019,51.464786,-0.215618,"Felsham Road, Putney"
300033,51.460717,-0.216526,"Putney Rail Station, Putney"
300031,51.536384,-0.102757,"Islington Green, Angel"
300018,51.487285,-0.217995,"Charing Cross Hospital, Hammersmith"
200129,51.536392,-0.112721,"Charlotte Terrace, Angel"
200121,51.539083,-0.070329,"Shoreditch Court, Haggerston"
200057,51.536654,-0.07023,"Belford House, Haggerston"
200201,51.476964,-0.174347,"Battersea Church Road, Battersea"
200077,51.472876,-0.176267,"Vicarage Crescent, Battersea"
200213,51.528681,-0.06555,"Durant Street, Bethnal Green"
200094,51.514665,-0.104583,"St. Bride Street, Holborn"
200063,51.45682,-0.202802,"Mexfield Road, East Putney"
300042,51.459715,-0.212145,"Upper Richmond Road, Putney"
200193,51.502153,-0.083632,"Snowsfields, London Bridge"
200197,51.490217,-0.215087,"Barons Court Station, West Kensington"
200217,51.46161,-0.216145,"Disraeli Road, Putney"
200205,51.463211,-0.21555,"Montserrat Road , Putney"
300045,51.474392,-0.163347,"Albert Bridge Road, Battersea Park"
300028,51.483356,-0.216305,"Everington Street, Fulham"
300056,51.518541,-0.034903,"Mile End Stadium, Mile End"
200122,51.541007,-0.14326,"Hawley Crescent, Camden Town"
300055,51.473116,-0.137235,"Stewart's Road, Wandsworth Road"
300049,51.51563,-0.049067,"Aylward Street, Stepney"
300048,51.515427,-0.023565,"Stainsby Road , Poplar"
300024,51.536585,-0.075885,"Dunston Road , Haggerston"
300040,51.535716,-0.060291,"Ada Street, Hackney Central"
300011,51.536424,-0.054162,"Victoria Park Road, Hackney Central"
300038,51.487244,-0.205279,"Star Road, West Kensington"
300039,51.536039,-0.026262,"Wendon Street, Old Ford"
300041,51.524583,-0.058631,"Finnis Street, Bethnal Green"
300053,51.46822,-0.190346,"Stephendale Road, Sands End"
300046,51.457991,-0.184806,"Alma Road, Wandsworth"
300050,51.491327,-0.096518,"Walworth Square, Walworth"
300047,51.47505,-0.150908,"Alfreda Street, Battersea Park"
300054,51.475698,-0.205876,"Chesilton Road, Fulham"
300044,51.461999,-0.20624,"Putney Bridge Road, East Putney"
300043,51.478939,-0.208485,"St. Peter's Terrace, Fulham"
300082,51.492084,-0.229116,"Bridge Avenue, Hammersmith"
300095,51.477276,-0.18921,"Michael Road, Walham Green"
300083,51.506304,-0.087262,"Duke Street Hill, London Bridge"
300093,51.505426,-0.150817,"Park Lane, Mayfair"
300094,51.462305,-0.175407,"Plough Terrace, Clapham Junction"
200120,51.464894,-0.173029,"Grant Road East, Clapham Junction"
300088,51.50659,-0.216104,"Queensdale Road, Shepherd's Bush"
300086,51.479932,-0.194116,"Fulham Broadway, Walham Green"
300087,51.475142,-0.187278,"Imperial Road, Sands End"
300091,51.481765,-0.185273,"Hortensia Road, West Brompton"
300084,51.510928,-0.214594,"Sirdar Road, Avondale"
300085,51.512981,-0.219486,"Freston Road, Avondale"
300090,51.515108,-0.208565,"Blenheim Crescent, Ladbroke Grove"
300078,51.460792,-0.212607,"Oxford Road, Putney"
300077,51.467454,-0.172293,"Ingrave Street, Clapham Junction"
300075,51.478169,-0.182435,"Upcerne Road, West Chelsea"
300076,51.479573,-0.179038,"Lots Road, West Chelsea"
300089,51.487964,-0.161765,"Ormonde Gate, Chelsea"
300092,51.537277,-0.079201,"Hertford Road, De Beauvoir Town"
300081,51.539328,-0.074284,"Haggerston Road, Haggerston"
300080,51.471095,-0.15785,"Culvert Road, Battersea"
300074,51.516128,-0.120909,"Newton Street, Covent Garden"
300079,51.515117,-0.173712,"London Street, Paddington"
300006,51.452997,-0.148651,"Clapham South, Clapham South"
300067,51.5129,-0.214762,"Grenfell Road, Avondale"
300058,51.485121,-0.174971,"The Vale, Chelsea"
300073,51.475153,-0.159169,"Prince of Wales Drive, Battersea Park"
300069,51.487958,-0.187404,"Harcourt Terrace, West Brompton"
300057,51.51787,-0.201005,"Westbourne Park Road, Portobello"
300072,51.524561,-0.165668,"Broadley Terrace, Marylebone"
300071,51.524309,-0.201234,"Elgin Avenue, Maida Hill"
300068,51.483217,-0.21186,"Humbolt Road, Fulham"
200202,51.500703,-0.129698,"Storey's Gate, Westminster"
300027,51.520597,-0.032566,"Mile End Park Leisure Centre, Mile End"
200185,51.462392,-0.168292,"St. John's Road, Clapham Junction"
300064,51.467601,-0.206827,"Ranelagh Gardens, Fulham"
200079,51.457529,-0.192165,"Ram Street, Wandsworth"
200177,51.457059,-0.200806,"Santos Road, Wandsworth"
300065,51.461343,-0.159322,"Clapham Common North Side, Clapham Common"
300001,51.473611,-0.191803,"Sandilands Road, Walham Green"
300097,51.491026,-0.209121,"Gwendwr Road, West Kensington"
300007,51.509224,-0.216016,"Rifle Place, Avondale"
300015,51.472509,-0.122831,"Binfield Road, Stockwell"
300096,51.511891,-0.107349,"Tallis Street, Temple"
300098,51.470131,-0.20464,"Hurlingham Park, Parsons Green"
300101,51.496664,-0.223868,"Little Brook Green, Brook Green"
300099,51.517632,-0.129985,"Adeline Place, Bloomsbury"
200072,51.514449,-0.077178,"Houndsditch, Aldgate"
300070,51.474665,-0.183165,"Imperial Wharf Station, Sands End"
300210,51.483911,-0.197609,"Halford Road, West Kensington"
300213,51.540311,-0.02163,"Monier Road, Hackney Wick"
300200,51.546326,-0.009935,"East Village, Queen Elizabeth Olympic Park"
300233,51.541482,-0.010437,"Aquatic Centre, Queen Elizabeth Olympic Park"
300029,51.549369,-0.015717,"Lee Valley VeloPark, Queen Elizabeth Olympic Park"
300227,51.546805,-0.014691,"Timber Lodge, Queen Elizabeth Olympic Park"
300226,51.544909,-0.020542,"Copper Box Arena, Queen Elizabeth Olympic Park"
300021,51.538718,-0.011889,"Podium, Queen Elizabeth Olympic Park"
300234,51.541793,-0.00481,"Stratford Station, Stratford"
300214,51.505461,-0.10454,"Blackfriars Road, Southwark"
300205,51.528279,-0.119558,"Cromer Street, Bloomsbury"
300203,51.527068,-0.131861,"Euston Square Gardens, Euston"
300201,51.524,-0.126409,"Coram Street, Bloomsbury"
300211,51.5293,-0.128279,"Ossulston Street, Somers Town"
300212,51.530199,-0.122299,"Birkenhead Street, King's Cross"
300202,51.497698,-0.137598,"Kings Gate House, Westminster"
300248,51.481121,-0.149035,"Sopwith Way, Battersea Park"
300208,51.505224,-0.098031,"Lavington Street, Bankside"
300209,51.47659,-0.118256,"Albert Square, Stockwell"
300238,51.505409,-0.098341,"Southwark Street, Bankside"
300243,51.534667,-0.125078,"Good's Way, King's Cross"
300244,51.520509,-0.200804,"The Metropolitan, Portobello"
300236,51.5212,-0.208888,"Bevington Road West, North Kensington"
300207,51.464995,-0.130908,"Gauden Road, Clapham"
300240,51.516277,-0.118272,"Lincoln's Inn Fields, Holborn"
300237,51.506725,-0.098807,"Tate Modern, Bankside"
300228,51.505703,-0.027772,"Westferry Circus, Canary Wharf"
300217,51.548731,-0.022606,"Here East North, Queen Elizabeth Olympic Park"
300224,51.487807,-0.122759,"New Spring Gardens Walk, Vauxhall"
300245,51.471433,-0.12367,"Clapham Road, Lingham Street, Stockwell"
300231,51.500089,-0.116628,"Lambeth Palace Road, Waterloo"
300219,51.546532,-0.020597,"Here East South, Queen Elizabeth Olympic Park"
300249,51.501513,-0.123823,"Westminster Pier, Westminster"
300246,51.50621,-0.114842,"Belvedere Road 2, South Bank"
300239,51.492807,-0.091938,"Victory Place, Walworth"
300221,51.483507,-0.147714,"Battersea Power Station, Battersea Park"
300242,51.496863,-0.142943,"Allington Street, Victoria"
300247,51.479601,-0.111471,"Cranmer Road, Stockwell"
300225,51.473874,-0.11258,"Normandy Road, Stockwell"
300230,51.469217,-0.112686,"Wynne Road, Stockwell"
300229,51.469202,-0.119022,"Sidney Road, Stockwell"
300215,51.466232,-0.113179,"St John's Crescent, Brixton"
200240,51.464019,-0.115781,"Ferndale Road, Brixton"
300206,51.460232,-0.115375,"Saltoun Road, Brixton"
300216,51.477966,-0.147857,"Gas Holders, Battersea Park"
300220,51.516785,-0.104947,"Farringdon Street, Holborn"
300235,51.541596,-0.125441,"York Way, Kings Cross"
300222,51.518093,-0.091401,"Fore Street, Guildhall"
200144,51.508033,-0.106823,"Sea Containers, South Bank"
2679,51.498585,-0.068981,"George Row, Bermondsey"
2667,51.500845,-0.074704,"Tower Wharf, Bermondsey"
300250,51.510981,-0.108322,"Temple Gardens, Temple"
300252,51.498439,-0.04915,"Canada Water Station, Rotherhithe"
300253,51.497995,-0.063471,"Bermondsey Station, Bermondsey"
300063,51.48224,-0.094284,"Burgess Park Albany Road, Walworth"
300062,51.488067,-0.057774,"South Bermondsey Station, Bermondsey"
300061,51.495598,-0.078893,"Crimscott Street, Bermondsey"
300060,51.489102,-0.091548,"Brandon Street, Walworth"
300059,51.492221,-0.062513,"The Blue, Bermondsey"
200081,51.48357,-0.202038,"Coomer Place, West Kensington"
1100,51.512582,-0.115057,"Strand, Strand"
3429,51.498125,-0.132102,"Abbey Orchard Street, Westminster"
1020,51.524696,-0.084439,"Leonard Circus , Shoreditch"
300100,51.461923,-0.165297,"Limburg Road, Clapham Junction"
200083,51.532091,-0.061419,"Pritchard's Road, Bethnal Green"
1190,51.486343,-0.122492,"Kennington Lane Rail Bridge, Vauxhall"
1059,51.490435,-0.122806,"Albert Embankment, Vauxhall"
1219,51.500139,-0.113935,"Lower Marsh, Waterloo"
1127,51.533319,-0.111781,"Risinghill Street, Angel"
1111,51.537071,-0.13285,"St. Pancras Way, Camden Town"
300241,51.53724,-0.124807,"Handyside Street, King's Cross"
300204,51.461376,-0.147804,"Victoria Rise, Clapham Common"
1085,51.514577,-0.158264,"Old Quebec Street, Marylebone"
200191,51.45787,-0.174691,"Spencer Park, Wandsworth Common"
300032,51.495898,-0.173009,"Victoria & Albert Museum, South Kensington"
200136,51.514767,-0.225786,"BBC White City, White City"
200134,51.528302,-0.144465,"Albany Street, The Regent's Park"
200230,51.525501,-0.032267,"Maplin Street, Mile End"
200025,51.54119,-0.058826,"London Fields, Hackney Central"
200141,51.509158,-0.224103,"Westfield Ariel Way, White City"
200145,51.537349,-0.147154,"Gloucester Avenue, Camden Town"
1188,51.536922,-0.150181,"London Zoo Car Park, The Regent's Park"
1068,51.521113,-0.078869,"Norton Folgate, Liverpool Street"
300066,51.505031,-0.123,"Horse Guards Avenue, Westminster"
200123,51.516196,-0.029137,"Burdett Road, Mile End"
